2011-11-09-how-to-execute-sql-statements-on-ms-access.md,2027
2011-08-15-git-auto-commit-with-crontab.md,9386
2011-07-18-cs-getmanifestresourcestream-gotcha.md,30254
2016-01-09-how-to-build-scalable-apps.markdown,3553
2011-09-17-on-line-course-organization-paper-review.md,308
2012-04-27-blog-migration-explained-drupal-7-to-jekyll.markdown,474
2018-08-14-Vue-js-Tutorial-for-beginners-Create-a-Todo-App.md,10791
2012-09-13-backbonejs-for-absolute-beginners-getting-started-part-3.markdown,92324
2012-01-04-concentration-problems-procastination-youre-not-the-only-one.md,437
2016-04-08-creating-custom-angularjs-directives-for-beginners.markdown,32538
2016-10-01-Angular-2-Tutorial-Create-a-CRUD-App-with-Angular-CLI-and-TypeScript.md,112896
2011-07-12-how-to-set-up-samba-in-ubuntu-linux-and-access-it-in-mac-os-and-windows.md,62863
2011-11-10-regular-expressions-in-c-and-java-csv-example.md,2864
2011-11-09-gitftp-publish-git-repository-over-ftp.md,2841
2016-03-23-how-to-scale-a-nodejs-app-based-on-number-of-users.markdown,36250
2019-01-24-I-got-hacked-and-It-changed-my-life-on-security-tips.md,758
2012-01-19-ssh-login-without-password.md,534
2011-11-09-how-to-setup-drupal-wysiwyg-and-images-uploading.md,841
2018-06-12-Data-Structures-for-Beginners-Graphs-Time-Complexity-tutorial.md,22178
2016-06-25-List-tasks-in-npm-grunt-gulp-and-rake.md,1136
2014-10-01-creating-a-restful-api-tutorial-with-nodejs-and-mongodb.markdown,563647
2014-09-28-angularjs-tutorial-for-beginners-with-nodejs-expressjs-and-mongodb.md,632862
2011-08-06-php-dom-explained-and-exemplified.md,1889
2018-04-28-Analysis-of-Recursive-Algorithms.md,5098
2011-08-08-microsoft-zune-failure-analysis.md,1673
2011-07-15-faster-windows-xp-removing-msmpeng-exe-and-other-programs.md,43261
2014-10-03-mean-stack-tutorial-mongodb-expressjs-angularjs-nodejs.markdown,248982
2018-05-25-Data-Structures-Time-Complexity-for-Beginners-Arrays-HashMaps-Linked-Lists-Stacks-Queues-tutorial.md,23537
2012-04-27-spring-mvc-3-plus-ajax-getjson-and-solving-406-not-accepted.markdown,17779
2016-08-19-Node-Package-Manager-NPM-Tutorial.md,2657
2014-02-15-cheap-airplay-receiver-with-raspberry-pi.markdown,6320
2011-07-12-what-technologies-are-using-the-most-influential-internet-companies.md,262
2016-08-12-Getting-started-with-Node-js-modules-require-exports-imports-npm-and-beyond.md,124161
2012-09-13-backbone-js-for-absolute-beginners-getting-started-part-4.markdown,68873
2012-02-09-how-do-i-change-the-ruby-python-version-textmate-uses.md,552
2019-03-14-How-to-perform-Atomic-Operations-on-MongoDB.md,280
2014-03-09-how-company-x-make-money.md,4165
2018-04-18-how-you-can-change-the-world-learning-data-structures-algorithms-free-online-course-tutorial.md,45102
2018-07-28-Self-balanced-Binary-Search-Trees-with-AVL-tree-Data-Structure-for-beginners.md,6333
2012-09-11-backbone-dot-js-for-absolute-beginners-getting-started.markdown,344970
2018-04-23-most-popular-algorithms-time-complexity-every-programmer-should-know-free-online-tutorial-course.md,31306
2012-05-06-instagram-mobile-design-secrets-revealed.markdown,800
2012-02-04-get-started-with-the-web-crawler-apache-nutch-1-x.md,9474
2019-05-14-How-to-build-a-Node-js-eCommerce-website-for-free.md,372
2012-09-13-backbone-js-for-absolute-beginners-getting-started-part-2.md,199008
2011-10-26-an-approach-to-annotation-of-learning-texts-on-programming-within-a-web-based-educational-system-paper-review.md,37
2011-08-11-ruby-on-rails-architectural-design.md,51812
2012-02-11-adding-subversion-svn-properties-to-your-code.md,2239
2011-09-07-automated-reverse-engineering-java-swing-gui-paper-review.md,386
2014-02-13-algorithms-for-dummies-part-1-sorting.markdown,90335
2016-10-19-Overview-of-JavaScript-ES6-features-a-k-a-ECMAScript-6-and-ES2015.md,56886
2019-01-03-How-can-developers-reduce-stress.md,1647
2018-07-18-Data-Structures-for-Beginners-Trees-binary-search-tree-tutorial.md,12517
2011-12-22-learning-algorithms-from-scratch-algorithms-for-dummies.md,42660
2016-08-24-Building-a-Node-js-static-file-server-files-over-HTTP-using-ES6.md,36574
2014-10-07-grunt-js-tutorial-from-beginner-to-ninja.markdown,53090
2011-07-21-how-to-set-up-git-github-in-windows.md,381
