https://adrianmejia.com/blog/2011/07/12/what-technologies-are-using-the-most-influential-internet-companies/,https://adrianmejia.com/what-technologies-are-using-the-most-influential-internet-companies/
http://adrianmejia.com/blog/2018/08/04/Vue-js-Tutorial-for-beginners-Create-a-Todo-App/,https://adrianmejia.com/vue-js-tutorial-for-beginners-create-a-todo-app/
https://adrianmejia.com/blog/2012/01/19/ssh-login-without-password/,https://adrianmejia.com/ssh-login-without-password/
https://adrianmejia.com/blog/2012/04/27/spring-mvc-3-plus-ajax-getjson-and-solving-406-not-accepted/,https://adrianmejia.com/spring-mvc-3-plus-ajax-getjson-and-solving-406-not-accepted/
http://adrianmejia.com/blog/2018/07/16/Self-balanced-Binary-Search-Trees-with-AVL-tree-Data-Structure-for-beginners/,https://adrianmejia.com/self-balanced-binary-search-trees-with-avl-tree-data-structure-for-beginners/
https://adrianmejia.com/blog/2011/08/11/ruby-on-rails-architectural-design/,https://adrianmejia.com/ruby-on-rails-architectural-design/
https://adrianmejia.com/blog/2011/11/10/regular-expressions-in-c-and-java-csv-example/,https://adrianmejia.com/regular-expressions-in-c-and-java-csv-example/
https://adrianmejia.com/blog/2011/08/06/php-dom-explained-and-exemplified/,https://adrianmejia.com/php-dom-explained-and-exemplified/
https://adrianmejia.com/blog/2016/10/19/Overview-of-JavaScript-ES6-features-a-k-a-ECMAScript-6-and-ES2015/,https://adrianmejia.com/overview-of-javascript-es6-features-a-k-a-ecmascript-6-and-es2015/
http://adrianmejia.com/blog/2016/08/19/Node-Package-Manager-NPM-Tutorial/,https://adrianmejia.com/node-package-manager-npm-tutorial/
http://adrianmejia.com/blog/2018/04/05/most-popular-algorithms-time-complexity-every-programmer-should-know-free-online-tutorial-course/,https://adrianmejia.com/most-popular-algorithms-time-complexity-every-programmer-should-know-free-online-tutorial-course/
https://adrianmejia.com/blog/2014/10/03/mean-stack-tutorial-mongodb-expressjs-angularjs-nodejs/,https://adrianmejia.com/mean-stack-tutorial-mongodb-expressjs-angularjs-nodejs/
http://adrianmejia.com/blog/2016/06/25/List-tasks-in-npm-grunt-gulp-and-rake/,https://adrianmejia.com/list-tasks-in-npm-grunt-gulp-and-rake/
https://adrianmejia.com/blog/2011/12/22/learning-algorithms-from-scratch-algorithms-for-dummies/,https://adrianmejia.com/learning-algorithms-from-scratch-algorithms-for-dummies/
https://adrianmejia.com/blog/2012/05/06/instagram-mobile-design-secrets-revealed/,https://adrianmejia.com/instagram-mobile-design-secrets-revealed/
https://adrianmejia.com/blog/2019/01/24/I-got-hacked-and-It-changed-my-life-on-security-tips/,https://adrianmejia.com/i-got-hacked-and-it-changed-my-life-on-security-tips/
http://adrianmejia.com/blog/2018/04/04/how-you-can-change-the-world-learning-data-structures-algorithms-free-online-course-tutorial/,https://adrianmejia.com/how-you-can-change-the-world-learning-data-structures-algorithms-free-online-course-tutorial/
https://adrianmejia.com/blog/2011/11/09/how-to-setup-drupal-wysiwyg-and-images-uploading/,https://adrianmejia.com/how-to-setup-drupal-wysiwyg-and-images-uploading/
https://adrianmejia.com/blog/2011/07/12/how-to-set-up-samba-in-ubuntu-linux-and-access-it-in-mac-os-and-windows/,https://adrianmejia.com/how-to-set-up-samba-in-ubuntu-linux-and-access-it-in-mac-os-and-windows/
https://adrianmejia.com/blog/2016/03/23/how-to-scale-a-nodejs-app-based-on-number-of-users/,https://adrianmejia.com/how-to-scale-a-nodejs-app-based-on-number-of-users/
https://adrianmejia.com/blog/2019/03/14/How-to-perform-Atomic-Operations-on-MongoDB/,https://adrianmejia.com/how-to-perform-atomic-operations-on-mongodb/
https://adrianmejia.com/blog/2011/11/09/how-to-execute-sql-statements-on-ms-access/,https://adrianmejia.com/how-to-execute-sql-statements-on-ms-access/
https://adrianmejia.com/blog/2016/01/09/how-to-build-scalable-apps/,https://adrianmejia.com/how-to-build-scalable-apps/
https://adrianmejia.com/blog/2019/05/13/How-to-build-a-Node-js-eCommerce-website-for-free/,https://adrianmejia.com/how-to-build-a-node-js-ecommerce-website-for-free/
https://adrianmejia.com/blog/2014/03/09/how-company-x-make-money/,https://adrianmejia.com/how-company-x-make-money/
https://adrianmejia.com/blog/2018/12/19/How-can-developers-reduce-stress/,https://adrianmejia.com/how-can-developers-reduce-stress/
https://adrianmejia.com/blog/2019/01/03/How-can-developers-reduce-stress/,https://adrianmejia.com/how-can-developers-reduce-stress/
https://adrianmejia.com/blog/2014/10/07/grunt-js-tutorial-from-beginner-to-ninja/,https://adrianmejia.com/grunt-js-tutorial-from-beginner-to-ninja/
https://adrianmejia.com/blog/2011/11/09/gitftp-publish-git-repository-over-ftp/,https://adrianmejia.com/gitftp-publish-git-repository-over-ftp/
https://adrianmejia.com/blog/2011/08/15/git-auto-commit-with-crontab/,https://adrianmejia.com/git-auto-commit-with-crontab/
http://adrianmejia.com/blog/2016/08/12/Getting-started-with-Node-js-modules-require-exports-imports-npm-and-beyond/,https://adrianmejia.com/getting-started-with-node-js-modules-require-exports-imports-npm-and-beyond/
https://adrianmejia.com/blog/2012/02/04/get-started-with-the-web-crawler-apache-nutch-1-x/,https://adrianmejia.com/get-started-with-the-web-crawler-apache-nutch-1-x/
https://adrianmejia.com/blog/2011/07/15/faster-windows-xp-removing-msmpeng-exe-and-other-programs/,https://adrianmejia.com/faster-windows-xp-removing-msmpeng-exe-and-other-programs/
http://adrianmejia.com/blog/2018/04/28/Data-Structures-Time-Complexity-for-Beginners-Arrays-HashMaps-Linked-Lists-Stacks-Queues-tutorial/,https://adrianmejia.com/data-structures-time-complexity-for-beginners-arrays-hashmaps-linked-lists-stacks-queues-tutorial/
http://adrianmejia.com/blog/2018/06/11/Data-Structures-for-Beginners-Trees-binary-search-tree-tutorial/,https://adrianmejia.com/data-structures-for-beginners-trees-binary-search-tree-tutorial/
http://adrianmejia.com/blog/2018/05/14/Data-Structures-for-Beginners-Graphs-Time-Complexity-tutorial/,https://adrianmejia.com/data-structures-for-beginners-graphs-time-complexity-tutorial/
https://adrianmejia.com/blog/2011/07/18/cs-getmanifestresourcestream-gotcha/,https://adrianmejia.com/cs-getmanifestresourcestream-gotcha/
https://adrianmejia.com/blog/2016/04/08/creating-custom-angularjs-directives-for-beginners/,https://adrianmejia.com/creating-custom-angularjs-directives-for-beginners/
https://adrianmejia.com/blog/2014/10/01/creating-a-restful-api-tutorial-with-nodejs-and-mongodb/,https://adrianmejia.com/creating-a-restful-api-tutorial-with-nodejs-and-mongodb/
https://adrianmejia.com/blog/2012/01/04/concentration-problems-procastination-youre-not-the-only-one/,https://adrianmejia.com/concentration-problems-procastination-youre-not-the-only-one/
https://adrianmejia.com/blog/2014/02/15/cheap-airplay-receiver-with-raspberry-pi/,https://adrianmejia.com/cheap-airplay-receiver-with-raspberry-pi/
http://adrianmejia.com/blog/2016/08/24/Building-a-Node-js-static-file-server-files-over-HTTP-using-ES6/,https://adrianmejia.com/building-a-node-js-static-file-server-files-over-http-using-es6/
https://adrianmejia.com/blog/2012/04/27/blog-migration-explained-drupal-7-to-jekyll/,https://adrianmejia.com/blog-migration-explained-drupal-7-to-jekyll/
https://adrianmejia.com/blog/2012/09/13/backbone-js-for-absolute-beginners-getting-started-part-4/,https://adrianmejia.com/backbonejs-for-absolute-beginners-getting-started-part-3/
https://adrianmejia.com/blog/2012/09/13/backbonejs-for-absolute-beginners-getting-started-part-3/,https://adrianmejia.com/backbone-js-for-absolute-beginners-getting-started-part-4/
https://adrianmejia.com/blog/2012/09/13/backbone-js-for-absolute-beginners-getting-started-part-2/,https://adrianmejia.com/backbone-js-for-absolute-beginners-getting-started-part-2/
https://adrianmejia.com/blog/2012/09/11/backbone-dot-js-for-absolute-beginners-getting-started/,https://adrianmejia.com/backbone-dot-js-for-absolute-beginners-getting-started/
https://adrianmejia.com/blog/2014/09/28/angularjs-tutorial-for-beginners-with-nodejs-expressjs-and-mongodb/,https://adrianmejia.com/angularjs-tutorial-for-beginners-with-nodejs-expressjs-and-mongodb/
http://adrianmejia.com/blog/2016/10/01/Angular-2-Tutorial-Create-a-CRUD-App-with-Angular-CLI-and-TypeScript/,https://adrianmejia.com/angular-2-tutorial-create-a-crud-app-with-angular-cli-and-typescript/
http://adrianmejia.com/blog/2018/04/24/Analysis-of-Recursive-Algorithms/,https://adrianmejia.com/analysis-of-recursive-algorithms/
https://adrianmejia.com/blog/2014/02/13/algorithms-for-dummies-part-1-sorting/,https://adrianmejia.com/algorithms-for-dummies-part-1-sorting/
https://adrianmejia.com/blog/2012/02/11/adding-subversion-svn-properties-to-your-code/,https://adrianmejia.com/adding-subversion-svn-properties-to-your-code/